hive_name,subfolder_name,folder_path,folder_url
منحل الزعرورة,60,منحل الزعرورة/60,https://drive.google.com/drive/folders/18z-sOc8jl5MMsAXVV3zO43E0xOVsfmnp
منحل الزعرورة,8,منحل الزعرورة/8,https://drive.google.com/drive/folders/1RK1qRfQ9zSzTmjEhk_wJlV1lFh75lepd
منحل الزعرورة,50,منحل الزعرورة/50,https://drive.google.com/drive/folders/1qIRtEtoPxlkS9uXgcUnSFfaDDAKFe3lA
منحل الزعرورة,9,منحل الزعرورة/9,https://drive.google.com/drive/folders/1TlMct3dUh52ZrAa22b3KsGtPjNvYWbaz
منحل الزعرورة,49,منحل الزعرورة/49,https://drive.google.com/drive/folders/14WuO-cpfOa9tmnvydkZBMVVS6GxXVux-
منحل الزعرورة,46,منحل الزعرورة/46,https://drive.google.com/drive/folders/1ulQw3zjJYT74CxkvxJfF1tsRGb-HMsCS
منحل الزعرورة,57,منحل الزعرورة/57,https://drive.google.com/drive/folders/1ASRmVKNNJrNCUZFMaW_Fu-f5d4kj19Nm
منحل الزعرورة,54,منحل الزعرورة/54,https://drive.google.com/drive/folders/1STb0OPi2VgrEg5RJL6_Ko9USyHSWij1V
منحل الزعرورة,58,منحل الزعرورة/58,https://drive.google.com/drive/folders/1bdYNVKOBbrOkCOCpYpDiIFJPonLRRabS
منحل الزعرورة,55,منحل الزعرورة/55,https://drive.google.com/drive/folders/1d7xHz2CO0BZAA6DNLAKqcyliDIBrAeE8
منحل الزعرورة,7,منحل الزعرورة/7,https://drive.google.com/drive/folders/1EnMIhcpqNmy8qltuY8P2_RuogamBLZ4g
منحل الزعرورة,52,منحل الزعرورة/52,https://drive.google.com/drive/folders/1fT1iMYQTI5HIlwh1f2g9OmZK7oB9xgbH
منحل الزعرورة,47,منحل الزعرورة/47,https://drive.google.com/drive/folders/1vJWVhba4-mqc8dXIDIoKVQD5vU5yKcmR
منحل الزعرورة,51,منحل الزعرورة/51,https://drive.google.com/drive/folders/1laay3QjjAzYRXCXSyeVAxYioQP3zy4jP
منحل الزعرورة,6,منحل الزعرورة/6,https://drive.google.com/drive/folders/1amiKS1BrvMTFxErDoC_IKgIN6R2xQrd9
منحل الزعرورة,59,منحل الزعرورة/59,https://drive.google.com/drive/folders/1nFPdENqU5mZkAWfAF1_ADgvQIWjDOX8e
منحل الزعرورة,5,منحل الزعرورة/5,https://drive.google.com/drive/folders/1g809pZYiumgOG9LMufBq0r733wPMeu0u
منحل الزعرورة,48,منحل الزعرورة/48,https://drive.google.com/drive/folders/1lkYKy3_-QJ6cK9JKyH15KlAewF9eJgyq
منحل الزعرورة,56,منحل الزعرورة/56,https://drive.google.com/drive/folders/1RK7B4aMU0a0hnMiDixv56wt5aSZUV7Ev
منحل الزعرورة,53,منحل الزعرورة/53,https://drive.google.com/drive/folders/1nGwY-MOWOrZjcrp3rVmiS2jJ1RGslC_Y
منحل الزعرورة,44,منحل الزعرورة/44,https://drive.google.com/drive/folders/1ICc9x7oqK9wsLOJjLQcvq5XhBeSF7uzy
منحل الزعرورة,43,منحل الزعرورة/43,https://drive.google.com/drive/folders/1QUXu1HAsO-5KaGd3oiPZL7xfXP3rQ7q-
منحل الزعرورة,4,منحل الزعرورة/4,https://drive.google.com/drive/folders/1jT7c_eT-lxRFdQWqkNnmm1VYq2nzuwjw
منحل الزعرورة,45,منحل الزعرورة/45,https://drive.google.com/drive/folders/1C1IuEIlhanluXpAklPhUp3p2rZZOvkKW
منحل الزعرورة,41,منحل الزعرورة/41,https://drive.google.com/drive/folders/1m-_BASiTPoQ59nh7kAZd1nBlNgW_pgpN
منحل الزعرورة,39,منحل الزعرورة/39,https://drive.google.com/drive/folders/1xyjnodGHEJb07Ka2JnnB3Em7bJ8KzBA0
منحل الزعرورة,42,منحل الزعرورة/42,https://drive.google.com/drive/folders/1uUO98e248sKj-UvggPwTQI6l7ijdRows
منحل الزعرورة,38,منحل الزعرورة/38,https://drive.google.com/drive/folders/15z5B4dOyIxxrI5G3A-AZXF5x2buJGVaD
منحل الزعرورة,37,منحل الزعرورة/37,https://drive.google.com/drive/folders/1Q8qlav2Y1hD1aOsfUPNgVZFlGNCe7ySL
منحل الزعرورة,40,منحل الزعرورة/40,https://drive.google.com/drive/folders/1lgNqR1cfAFTIH70KGuS6myGn-P4wCLG3
منحل الزعرورة,33,منحل الزعرورة/33,https://drive.google.com/drive/folders/1QgWvwFDnCU9DiSWF9TRPO-1qDdLkVQCO
منحل الزعرورة,32,منحل الزعرورة/32,https://drive.google.com/drive/folders/1t_fGCJfOs8f3YIchWnjVQIiD-JJk0hCm
منحل الزعرورة,31,منحل الزعرورة/31,https://drive.google.com/drive/folders/1ZNhk5pc1ifVTy_20JheEwvAibgQVMRu8
منحل الزعرورة,35,منحل الزعرورة/35,https://drive.google.com/drive/folders/1bueLEhiYmljVL3khqbXb1MRAANIV_xUP
منحل الزعرورة,30,منحل الزعرورة/30,https://drive.google.com/drive/folders/1XQfkjslE3gnSVJzoSZ09P2l2o2nSJxGW
منحل الزعرورة,34,منحل الزعرورة/34,https://drive.google.com/drive/folders/1XrdLAQ8zMxRAQSXRi1po55BAs252GZ0p
منحل الزعرورة,29,منحل الزعرورة/29,https://drive.google.com/drive/folders/1XzJ-RleRgvabFXDhMh-EYWV2FEud3o8x
منحل الزعرورة,36,منحل الزعرورة/36,https://drive.google.com/drive/folders/14c_mSh1IOzG5ar5dOT99LNVho6EujZ0o
منحل الزعرورة,28,منحل الزعرورة/28,https://drive.google.com/drive/folders/1Y_GvhUHLMK5fs3k5OJAWNc1D2z1ufQML
منحل الزعرورة,26,منحل الزعرورة/26,https://drive.google.com/drive/folders/17lx1kxDbgvVtNphXLZuIUpTtoVwdbjOn
منحل الزعرورة,25,منحل الزعرورة/25,https://drive.google.com/drive/folders/1bew-4RyL1VNbUQPy6QglTkq6tKBJUEVH
منحل الزعرورة,3,منحل الزعرورة/3,https://drive.google.com/drive/folders/1gjy-M8xC_Gz1G6GGybafpELHylSpox0U
منحل الزعرورة,27,منحل الزعرورة/27,https://drive.google.com/drive/folders/1oIdmZFLatAjQXuof3JUbnVNMTiLhGDPs
منحل الزعرورة,24,منحل الزعرورة/24,https://drive.google.com/drive/folders/1_q99hCUXazrNO1Uz-d6W1AEsBeFEqM_Q
منحل الزعرورة,23,منحل الزعرورة/23,https://drive.google.com/drive/folders/13dMp0sFkIc3XMnFf06x7-HW2oZ_1OEdV
منحل الزعرورة,2,منحل الزعرورة/2,https://drive.google.com/drive/folders/1lsrQTy_hhO7kzofUGcMvs47s8CFDaFzu
منحل الزعرورة,22,منحل الزعرورة/22,https://drive.google.com/drive/folders/1p7H48rK593UH51_nqsSa01mq3V5-q33W
منحل الزعرورة,21,منحل الزعرورة/21,https://drive.google.com/drive/folders/1xAgeuzkjjHLH58GF0xD3GdHbH--CHrx1
منحل الزعرورة,19,منحل الزعرورة/19,https://drive.google.com/drive/folders/1Rw2xkZ5RL_m7tKrxQdiym9wtfmQZOG1V
منحل الزعرورة,20,منحل الزعرورة/20,https://drive.google.com/drive/folders/1w-lv_A6cZLl8WeBZ1c3_o2KISoQpKQSr
منحل الزعرورة,17,منحل الزعرورة/17,https://drive.google.com/drive/folders/1Au3BGM0jyphGOKJgciRQVlY0s0Z353DJ
منحل الزعرورة,16,منحل الزعرورة/16,https://drive.google.com/drive/folders/1R5O7AzbIG-Pf9jYm8fs3YFypOz6E2DGC
منحل الزعرورة,13,منحل الزعرورة/13,https://drive.google.com/drive/folders/16NxqAzDgXTwhH-D7xc6AkoWbiO2CQBPL
منحل الزعرورة,18,منحل الزعرورة/18,https://drive.google.com/drive/folders/1gi__NOdV9HKn6qquVQTxMWgF-qYPuEMs
منحل الزعرورة,15,منحل الزعرورة/15,https://drive.google.com/drive/folders/1IJnBJVbMJF8RyvmCELaKvwbAHr4tCwwS
منحل الزعرورة,14,منحل الزعرورة/14,https://drive.google.com/drive/folders/16HsxQOi_QhQkLqvCJzuNHMKLk-Jz9W57
منحل الزعرورة,12,منحل الزعرورة/12,https://drive.google.com/drive/folders/1ZS6zWcsLqFZdgEbYz7CFxKVsIe6bnpRn
منحل الزعرورة,1,منحل الزعرورة/1,https://drive.google.com/drive/folders/1ncSP7LAjtoGdvtbOIJ0PTwLjfRhXhHrX
منحل الزعرورة,10,منحل الزعرورة/10,https://drive.google.com/drive/folders/1RYNeSquKYAQzaqMxBGoCkoCQGwRgTIpg
منحل الزعرورة,11,منحل الزعرورة/11,https://drive.google.com/drive/folders/1_UX8AA-izUB1v4E4bImBx87kRy5qPSSH
منحل الدار,9,منحل الدار/9,https://drive.google.com/drive/folders/1LbTxfrJYYVdLo_VGsNBg9tfwFulj5BUF
منحل الدار,8,منحل الدار/8,https://drive.google.com/drive/folders/1nNqoVA_6ngYWjVUVnvKrEWyp0Kdu4nhs
منحل الدار,70,منحل الدار/70,https://drive.google.com/drive/folders/18qrDuQTqE7fJkrwhsHmtq9I19jM-Zb-a
منحل الدار,7,منحل الدار/7,https://drive.google.com/drive/folders/1yEh2Ft6IdrV2oYmUlIwEXWn9Y42Yjj4L
منحل الدار,68,منحل الدار/68,https://drive.google.com/drive/folders/1MkfV9aZO-yvXfF-ocJUaefccIGruCfPQ
منحل الدار,64,منحل الدار/64,https://drive.google.com/drive/folders/1VO2b82Qfa7UQsgseynTeqkzZgbt3mIXW
منحل الدار,65,منحل الدار/65,https://drive.google.com/drive/folders/1TriK_-WAcUEu2FvF5EIbZEi8fhL-T6_m
منحل الدار,66,منحل الدار/66,https://drive.google.com/drive/folders/1S0fSLe7ig985_NPhF1-x7eGZrTMmOIrE
منحل الدار,60,منحل الدار/60,https://drive.google.com/drive/folders/1ndY9mjFfjxNR-VIBF5uOm5dc7Jnid61U
منحل الدار,67,منحل الدار/67,https://drive.google.com/drive/folders/1J0VHTNa3YoSz0PoU82bhhyS76dvOP5WO
منحل الدار,69,منحل الدار/69,https://drive.google.com/drive/folders/1OEIiVOoi8S0Qx4zVvz7TBMomFCF_NC2M
منحل الدار,62,منحل الدار/62,https://drive.google.com/drive/folders/1yQei4P_XO0YT_YaBTDISyx4qoRAqA0y8
منحل الدار,61,منحل الدار/61,https://drive.google.com/drive/folders/1w6nTDsF_h7g2s7YNhnpF03o1KMpNzNNe
منحل الدار,63,منحل الدار/63,https://drive.google.com/drive/folders/1VvNoFVttjGpZdyLnQ6K4dRhrfk-0a1MX
منحل الدار,54,منحل الدار/54,https://drive.google.com/drive/folders/1BAPy0EMj0TRYH_KZRr_hWpw9Z2RTqoGk
منحل الدار,52,منحل الدار/52,https://drive.google.com/drive/folders/1yG-oPtDNYdUxiCa9xvYEW0gCGdH_SjIt
منحل الدار,56,منحل الدار/56,https://drive.google.com/drive/folders/13FdxoYCQOoU-ybyEfdxJognvixjFgRjy
منحل الدار,59,منحل الدار/59,https://drive.google.com/drive/folders/1PLckQD77eshIeRFd-UNvHFC1sH3Wb39f
منحل الدار,55,منحل الدار/55,https://drive.google.com/drive/folders/1Qo92x5dVEiUA8sJ24PfgrWzBzqBjgABh
منحل الدار,58,منحل الدار/58,https://drive.google.com/drive/folders/1y7GFtNgy_3o4N4TfLIWCY6cd-nkEtmj1
منحل الدار,53,منحل الدار/53,https://drive.google.com/drive/folders/1og-R8tC56iaN73InYXzciV_k7TnMkXy8
منحل الدار,50,منحل الدار/50,https://drive.google.com/drive/folders/15erkZAtNYt5rBFgBBEC6yzoahrLReN8I
منحل الدار,5,منحل الدار/5,https://drive.google.com/drive/folders/17DK5EQ5RafBsimc7NDwfScTL35Tg1G1y
منحل الدار,6,منحل الدار/6,https://drive.google.com/drive/folders/1p3VrtOdD4jAYI-6Hoe23lGHPO4tDyqPY
منحل الدار,57,منحل الدار/57,https://drive.google.com/drive/folders/111fqymus7kO2lbNGQbTx9bGdwEcchGtp
منحل الدار,51,منحل الدار/51,https://drive.google.com/drive/folders/1sYfQ3urK9Ckk42RXXI7OLJY6tdw88biw
منحل الدار,49,منحل الدار/49,https://drive.google.com/drive/folders/12nAa5BGqz8wps1HikCyWLyIGsmIvODzE
منحل الدار,47,منحل الدار/47,https://drive.google.com/drive/folders/1H3z6BiiruPRSjXWrZUl6yBHJbrESF7Y6
منحل الدار,48,منحل الدار/48,https://drive.google.com/drive/folders/1WUuHKsta9-liTIfpG-GHAZH0zncdiXql
منحل الدار,46,منحل الدار/46,https://drive.google.com/drive/folders/1oFl1aKapRXMOnAMTI9K9pK9BAmqGYI-T
منحل الدار,20,منحل الدار/20,https://drive.google.com/drive/folders/15F6NWNGRyxfWtiU4aWtjkBXTpgRmg-Ud
منحل الدار,45,منحل الدار/45,https://drive.google.com/drive/folders/1yJsfxzrbm7JVqYvTAYdYuWyK4G03S7bQ
منحل الدار,42,منحل الدار/42,https://drive.google.com/drive/folders/1RpaA38U0QOX8iGy8ams3ZxoorHJOEnzN
منحل الدار,4,منحل الدار/4,https://drive.google.com/drive/folders/1XUViF3XpLIS9FV5dX7OUfQZKpc3A59qU
منحل الدار,37,منحل الدار/37,https://drive.google.com/drive/folders/1qcOwM2L58AVkjq0vzhWTRipG044U72s_
منحل الدار,41,منحل الدار/41,https://drive.google.com/drive/folders/1j2HWX1nAV_MON4xN4KzILu97DECQea9l
منحل الدار,43,منحل الدار/43,https://drive.google.com/drive/folders/1NCTHDdRlrq43jbnmPF83ixNBHy7HYCll
منحل الدار,44,منحل الدار/44,https://drive.google.com/drive/folders/1Df6xQxTmyaxHL7geulPYTIXQeKTaI8BN
منحل الدار,40,منحل الدار/40,https://drive.google.com/drive/folders/16XqakEUr8LOGg1yJgYUs6GVw4OcjV64d
منحل الدار,39,منحل الدار/39,https://drive.google.com/drive/folders/1UZfavSid3PdeHRxdvmImXH88WXBI6NKQ
منحل الدار,38,منحل الدار/38,https://drive.google.com/drive/folders/1KkG6bfOQ0ZME-sA-vkQcxxZdrfum3Y08
منحل الدار,33,منحل الدار/33,https://drive.google.com/drive/folders/1gUAiskb23XqRVV9FWu82onufy95fOoKV
منحل الدار,3,منحل الدار/3,https://drive.google.com/drive/folders/15zbWyibeQ2Vqfsd8pzITEtOm8xqurzo4
منحل الدار,19,منحل الدار/19,https://drive.google.com/drive/folders/1S3mvZw9aI4hPlbFCYyXalc3ncppV9bOr
منحل الدار,36,منحل الدار/36,https://drive.google.com/drive/folders/1nHN80Ww9mpAOjZioiJYzVVoCu36JZ_v2
منحل الدار,27,منحل الدار/27,https://drive.google.com/drive/folders/1IM46Y_e01OQOnpGlEqFc53_MimK9LGXp
منحل الدار,35,منحل الدار/35,https://drive.google.com/drive/folders/1ty8cVbmIk2t-txCLIa7LHQbR8eoufP2g
منحل الدار,28,منحل الدار/28,https://drive.google.com/drive/folders/1VuLZIIFoE6TmTkDw4KQ0VNW78UtJv4PX
منحل الدار,34,منحل الدار/34,https://drive.google.com/drive/folders/1vcJoHS_XyQoByOkHq0-_KCMJX9U-Ajue
منحل الدار,31,منحل الدار/31,https://drive.google.com/drive/folders/1Ne6K1Ny2uUf63KfBl1UsyQ3lq9LLeqT5
منحل الدار,25,منحل الدار/25,https://drive.google.com/drive/folders/1hs4kOt6-TZOj_A3BXqRiRkUScPCT1XYS
منحل الدار,30,منحل الدار/30,https://drive.google.com/drive/folders/1WTjG3Wj-FNFiF4iOgRtIrjdsrRgbwXjK
منحل الدار,32,منحل الدار/32,https://drive.google.com/drive/folders/1E4SWTI2Sya2G2x9DFZDElWCMZn1CpweZ
منحل الدار,29,منحل الدار/29,https://drive.google.com/drive/folders/13u5_qIDj8Ja3218rMTB29Uxj44_SYiX_
منحل الدار,22,منحل الدار/22,https://drive.google.com/drive/folders/1zI4-sZFKTpFBqaMAcvRZPnES-sndPRxV
منحل الدار,26,منحل الدار/26,https://drive.google.com/drive/folders/1wr6aSN1dSRCQazU2VEYLNOqzJZjifcrF
منحل الدار,24,منحل الدار/24,https://drive.google.com/drive/folders/1IKNXuRS6q81x9TRKolqu58wf-VpAY81_
منحل الدار,21,منحل الدار/21,https://drive.google.com/drive/folders/1RtGBe2gNu10NzeKsUvDwVrdeJLT4Rk4c
منحل الدار,2,منحل الدار/2,https://drive.google.com/drive/folders/1a223PwxqTJikKaQ8wMSOL33ntIWssD-E
منحل الدار,23,منحل الدار/23,https://drive.google.com/drive/folders/1mfiJyCj56TlYQ6oVtxMN36TnhUgfX8uW
منحل الدار,18,منحل الدار/18,https://drive.google.com/drive/folders/1pPhHRInN1JDeyb8M2lE9Xo9W9RaGZ2nD
منحل الدار,17,منحل الدار/17,https://drive.google.com/drive/folders/1Dk_mnsY-Bp-6cD2bd63iEN9q567puqrH
منحل الدار,16,منحل الدار/16,https://drive.google.com/drive/folders/11xVrJEzHErtwbyv4SjtpQzqnNVqPTol7
منحل الدار,15,منحل الدار/15,https://drive.google.com/drive/folders/1ULWUEK14yyg6SGMrhCJCC1v-z0q9B7Bi
منحل الدار,14,منحل الدار/14,https://drive.google.com/drive/folders/1zR2hfzLZzpIfCd7TSPWiJuaVZDof1ATv
منحل الدار,13,منحل الدار/13,https://drive.google.com/drive/folders/1TPdbx9k8g8nkfyvNGxpzFWpfCH_QWrxl
منحل الدار,12,منحل الدار/12,https://drive.google.com/drive/folders/1JUIzOwOW_SnvQ_iF6NNK4pNR-wV52Yp0
منحل الدار,10,منحل الدار/10,https://drive.google.com/drive/folders/1zytBtw6iMMSoSeGG6_-LLj4FN-vcEco2
منحل الدار,11,منحل الدار/11,https://drive.google.com/drive/folders/15RfVyuExSMU5uHu_qr4EnaFdjqMfnmLf
منحل الدار,1,منحل الدار/1,https://drive.google.com/drive/folders/1-uA3_YP4W-quBvgPErGV90sZg5sLKzcO
منحل المصفات,9,منحل المصفات/9,https://drive.google.com/drive/folders/1_8v9n0IJTzGsetsgtCNtYhoOj5Rt_2AD
منحل المصفات,8,منحل المصفات/8,https://drive.google.com/drive/folders/1RCaG6orvHwQMTLcQsNwe1BM3F55yzJ-T
منحل المصفات,7,منحل المصفات/7,https://drive.google.com/drive/folders/1zLB34ppdNNbsh8zcOf0xEeW7DZFJ7gTO
منحل المصفات,30,منحل المصفات/30,https://drive.google.com/drive/folders/1WAS_premqjztQ5BoizotyNtko7V0Ffyl
منحل المصفات,6,منحل المصفات/6,https://drive.google.com/drive/folders/1QI93vWrFZ0FqolQrvGCf0xpJ0m17q7j5
منحل المصفات,5,منحل المصفات/5,https://drive.google.com/drive/folders/1_3-TcBCB2Zjqoyj_jk4qdTOWRZ5k4WO7
منحل المصفات,3,منحل المصفات/3,https://drive.google.com/drive/folders/10dutoQu2xyrkVwVK7n59vZVe8L4AjEQy
منحل المصفات,27,منحل المصفات/27,https://drive.google.com/drive/folders/1dIhCNrAhsxKXpApiTALkdPnDilePud6v
منحل المصفات,4,منحل المصفات/4,https://drive.google.com/drive/folders/1IfZ-xM9Msqu7My9Ge5nmeyFGx8gk-3Xi
منحل المصفات,29,منحل المصفات/29,https://drive.google.com/drive/folders/1Y6EJc1obHu77I6v57dU8r6-Inr1BCpVN
منحل المصفات,28,منحل المصفات/28,https://drive.google.com/drive/folders/1CF1GH1nX-mO4lnLwXnSIt-bw4uAkuuDY
منحل المصفات,22,منحل المصفات/22,https://drive.google.com/drive/folders/1dw1q5nDSBJWzLT9bC6iTv4TGEs91Zl5o
منحل المصفات,25,منحل المصفات/25,https://drive.google.com/drive/folders/1jC2zJL1FjOp6HcFSBKryNd-jLOFGrf6o
منحل المصفات,26,منحل المصفات/26,https://drive.google.com/drive/folders/14z_S_eHFOsKnE30lPnQEry4mi73Aoqxs
منحل المصفات,21,منحل المصفات/21,https://drive.google.com/drive/folders/1YLOKKUBESvfvleSIn0uJbY_1Tx05786U
منحل المصفات,23,منحل المصفات/23,https://drive.google.com/drive/folders/1SuqbjCxHWfDQh56Y1zGn_9J9kkCsxwCF
منحل المصفات,18,منحل المصفات/18,https://drive.google.com/drive/folders/17WWjzEhh5GTu41lXAHiW_ulYb2FldJ5n
منحل المصفات,24,منحل المصفات/24,https://drive.google.com/drive/folders/1xwiHYj45kCIKWBRKLIh2cw1xPAokG7Zt
منحل المصفات,17,منحل المصفات/17,https://drive.google.com/drive/folders/19SfAAet38BI0YpeLyemxFB3bdgYYbXKH
منحل المصفات,16,منحل المصفات/16,https://drive.google.com/drive/folders/1Z_m1ElGZL0B5TX2Z-W3ORW0RUFCw4-n-
منحل المصفات,20,منحل المصفات/20,https://drive.google.com/drive/folders/1mQr5UHnXQ9gQiqY9s3DTKvUh2tgjDsjM
منحل المصفات,10,منحل المصفات/10,https://drive.google.com/drive/folders/1naiAYXKns-oQIoF_K5CbiKKGiW4SHR9N
منحل المصفات,2,منحل المصفات/2,https://drive.google.com/drive/folders/1ZIY9PcpQJ0OgfPO0XTKx8wZa4nkGCNBG
منحل المصفات,19,منحل المصفات/19,https://drive.google.com/drive/folders/1OJcb0edecoPMQOMDJeDUj0r7ixQ8uGw4
منحل المصفات,13,منحل المصفات/13,https://drive.google.com/drive/folders/1K5VUBG4tlZm2c2ajC1rEUavUeZViWNYX
منحل المصفات,14,منحل المصفات/14,https://drive.google.com/drive/folders/1fkqvvAmUDtwWqZFxFK3X7_DcGcZSNiG5
منحل المصفات,1,منحل المصفات/1,https://drive.google.com/drive/folders/14BakHx26Lp-C14tCz9qbU4M1iB8Sgsja
منحل المصفات,15,منحل المصفات/15,https://drive.google.com/drive/folders/1nHccdAdrMzhJkrBs7RKYoSdQZjFncwvf
منحل المصفات,11,منحل المصفات/11,https://drive.google.com/drive/folders/1yxnp33KDvWyJUh5gSxChdt_rX-xqnUqG
منحل المصفات,12,منحل المصفات/12,https://drive.google.com/drive/folders/1B9L7aPwlBM316RHPidwOCraFZCi4eGfK
منحل بطن الغول,7,منحل بطن الغول/7,https://drive.google.com/drive/folders/1wBg7Gdxy-OyyeEzjBlnYTfGYGmjKB-nd
منحل بطن الغول,44,منحل بطن الغول/44,https://drive.google.com/drive/folders/1kuCt60aGrn0yS5QMtXmX9gZog4wtIbiG
منحل بطن الغول,49,منحل بطن الغول/49,https://drive.google.com/drive/folders/1O6W_41hPjEkC8VdqwOzyOi_o1QAMgRrF
منحل بطن الغول,50,منحل بطن الغول/50,https://drive.google.com/drive/folders/1beFkHKqZ2twju-TXhRVeKgJkPIR9i78U
منحل بطن الغول,6,منحل بطن الغول/6,https://drive.google.com/drive/folders/171oBk-of3WdMxNoyyjKrCNat4t0AdexC
منحل بطن الغول,9,منحل بطن الغول/9,https://drive.google.com/drive/folders/1UPNRIZ_HLxrsZTrg4jGo9hGLTQ2FSvbp
منحل بطن الغول,5,منحل بطن الغول/5,https://drive.google.com/drive/folders/1jFnJ4BUuda3WeG3SZxgMyTWNsyIhnJQF
منحل بطن الغول,40,منحل بطن الغول/40,https://drive.google.com/drive/folders/1pyS-PI5M0Wx5WAa8NrE-2cX4pmWap5_N
منحل بطن الغول,46,منحل بطن الغول/46,https://drive.google.com/drive/folders/1iKd-5NsLlldYXz1JDUgURrWzhVfhTt7-
منحل بطن الغول,48,منحل بطن الغول/48,https://drive.google.com/drive/folders/1xn7KNb8vdn-3roZNiQtJH0feAw1OjnjF
منحل بطن الغول,43,منحل بطن الغول/43,https://drive.google.com/drive/folders/11MJJjm-pyT_-IscfB7vkOjs4obaWo_0g
منحل بطن الغول,47,منحل بطن الغول/47,https://drive.google.com/drive/folders/1vgFoew_DdO1aSl4gwH8A6sXpmYowLKWT
منحل بطن الغول,8,منحل بطن الغول/8,https://drive.google.com/drive/folders/1ItupBNBpwgjHiiPPmKOtEGTv3Qx2FTji
منحل بطن الغول,42,منحل بطن الغول/42,https://drive.google.com/drive/folders/11Et2bC8GTi6QcQnuAK1Y8D23lBANCNHC
منحل بطن الغول,41,منحل بطن الغول/41,https://drive.google.com/drive/folders/1N1vU6kCj2Rsu9ypcvZalkoL4N8HINUpJ
منحل بطن الغول,45,منحل بطن الغول/45,https://drive.google.com/drive/folders/1waZXrMNQKDLZUlrvUaJgLZPSFLdx6Bdw
منحل بطن الغول,37,منحل بطن الغول/37,https://drive.google.com/drive/folders/1iuevFRNz81sn8NRpshcvXMXSqI-AmLFP
منحل بطن الغول,38,منحل بطن الغول/38,https://drive.google.com/drive/folders/1KMtafWPuWFGZF_s3DhN6q0OqTtfT8It2
منحل بطن الغول,4,منحل بطن الغول/4,https://drive.google.com/drive/folders/1prcgYBjUcXAHvq14Y0Rp2GlD-h4NNfQe
منحل بطن الغول,39,منحل بطن الغول/39,https://drive.google.com/drive/folders/1oPIwDnD9Vt65kwuZ4uhF6uVYgVglIQYY
منحل بطن الغول,36,منحل بطن الغول/36,https://drive.google.com/drive/folders/1d6YPMOmiEpd4WlUj46lEtMupzWsxmNnJ
منحل بطن الغول,35,منحل بطن الغول/35,https://drive.google.com/drive/folders/1oYmHY48ZZufEH4lKMLh4zlC7Brho5xKX
منحل بطن الغول,32,منحل بطن الغول/32,https://drive.google.com/drive/folders/1LlLD_WcHta2RRbtWRd0FwSOOh8M4xOjl
منحل بطن الغول,34,منحل بطن الغول/34,https://drive.google.com/drive/folders/1pMXUHvlq7nltZFzJdj6SX607MnZhWLpf
منحل بطن الغول,31,منحل بطن الغول/31,https://drive.google.com/drive/folders/1f4jl15eGJkonopk3vILmL70H9ZKI6Z7e
منحل بطن الغول,33,منحل بطن الغول/33,https://drive.google.com/drive/folders/1A6AVWF2KcnrHNQywTl56VzYzFqUaurlf
منحل بطن الغول,28,منحل بطن الغول/28,https://drive.google.com/drive/folders/1sFsD0DZxEmP7yRAIjDq-k7k3Lk3s_7tW
منحل بطن الغول,30,منحل بطن الغول/30,https://drive.google.com/drive/folders/1eTaOricI5SVHJSdSgnFv2PU7Ot1hHEfw
منحل بطن الغول,3,منحل بطن الغول/3,https://drive.google.com/drive/folders/1OaJ1DQLQehr6mUtDc7AEJqNE39FLxNNR
منحل بطن الغول,29,منحل بطن الغول/29,https://drive.google.com/drive/folders/1TurCsljRbXHBrAEt_UGOKeOIr7On0hZD
منحل بطن الغول,21,منحل بطن الغول/21,https://drive.google.com/drive/folders/1ZCaTxsxiqnP-WG4IRqwnxr0oQp4gNsa6
منحل بطن الغول,26,منحل بطن الغول/26,https://drive.google.com/drive/folders/1e-gUb6mo_R2VyWFW-9dLfmpyTWNixoE6
منحل بطن الغول,25,منحل بطن الغول/25,https://drive.google.com/drive/folders/1JUeobN1JSGOcrqWIpv9nxSRTi1fvDcyI
منحل بطن الغول,23,منحل بطن الغول/23,https://drive.google.com/drive/folders/1IpQriZ-GEpYI2qByoRsQI4yuzIexVceF
منحل بطن الغول,27,منحل بطن الغول/27,https://drive.google.com/drive/folders/1FVW64oOg-h00bW9Qt0iHvGv51RodbyRg
منحل بطن الغول,22,منحل بطن الغول/22,https://drive.google.com/drive/folders/1S3Jtgit0gC5tzM5XBUXnyTCgnpkI94hD
منحل بطن الغول,2,منحل بطن الغول/2,https://drive.google.com/drive/folders/1e6nZzOYqqODwRrFOOi5qFtMEsvRTq3WQ
منحل بطن الغول,19,منحل بطن الغول/19,https://drive.google.com/drive/folders/1OGNb-AocYo4VL8x5TH59AFbCoSMvNWLG
منحل بطن الغول,20,منحل بطن الغول/20,https://drive.google.com/drive/folders/1U_7VSnBfmJAzHAgagzAjLYSMSwheuCTO
منحل بطن الغول,24,منحل بطن الغول/24,https://drive.google.com/drive/folders/1su8TTO18U1ogeOlK5JD7VkbnA62BOwnV
منحل بطن الغول,18,منحل بطن الغول/18,https://drive.google.com/drive/folders/1RKxt6UeNdK3LkuTaYhYtwCfX2fqx_98M
منحل بطن الغول,15,منحل بطن الغول/15,https://drive.google.com/drive/folders/1ikPh8J5Hj7B4dRadqdYxn-5Buz5E64ft
منحل بطن الغول,14,منحل بطن الغول/14,https://drive.google.com/drive/folders/1lcBg0eKeOFDLiipCBoMgFClTUA1leJ68
منحل بطن الغول,11,منحل بطن الغول/11,https://drive.google.com/drive/folders/1rFqiKgNFl_XMxq2UHK13B3K9jJuu2fE_
منحل بطن الغول,13,منحل بطن الغول/13,https://drive.google.com/drive/folders/1EUpYlSY_kIWwt-3i87jGYmx3oTA94I1T
منحل بطن الغول,16,منحل بطن الغول/16,https://drive.google.com/drive/folders/1dHDyyL1nViUjxSRw382fefyGk556Dl8C
منحل بطن الغول,17,منحل بطن الغول/17,https://drive.google.com/drive/folders/1fKoirU9ET00r0IsTl70BQk2nAVu0p8S3
منحل بطن الغول,1,منحل بطن الغول/1,https://drive.google.com/drive/folders/1RR9-Zw9sqKWcnZp6JbkeoBI814FiLS6F
منحل بطن الغول,12,منحل بطن الغول/12,https://drive.google.com/drive/folders/19KCiA_vues493O6AgO7_YplbWyXwBM1M
منحل بطن الغول,10,منحل بطن الغول/10,https://drive.google.com/drive/folders/1LUQgpCkxlxdgSNTmEcwhMF8eINB4dM6f
