output_file,hive_name,subfolder_name,folder_url
منحل_الزعرورة_060.png,منحل الزعرورة,60,https://drive.google.com/drive/folders/18z-sOc8jl5MMsAXVV3zO43E0xOVsfmnp
منحل_الزعرورة_008.png,منحل الزعرورة,8,https://drive.google.com/drive/folders/1RK1qRfQ9zSzTmjEhk_wJlV1lFh75lepd
منحل_الزعرورة_050.png,منحل الزعرورة,50,https://drive.google.com/drive/folders/1qIRtEtoPxlkS9uXgcUnSFfaDDAKFe3lA
منحل_الزعرورة_009.png,منحل الزعرورة,9,https://drive.google.com/drive/folders/1TlMct3dUh52ZrAa22b3KsGtPjNvYWbaz
منحل_الزعرورة_049.png,منحل الزعرورة,49,https://drive.google.com/drive/folders/14WuO-cpfOa9tmnvydkZBMVVS6GxXVux-
منحل_الزعرورة_046.png,منحل الزعرورة,46,https://drive.google.com/drive/folders/1ulQw3zjJYT74CxkvxJfF1tsRGb-HMsCS
منحل_الزعرورة_057.png,منحل الزعرورة,57,https://drive.google.com/drive/folders/1ASRmVKNNJrNCUZFMaW_Fu-f5d4kj19Nm
منحل_الزعرورة_054.png,منحل الزعرورة,54,https://drive.google.com/drive/folders/1STb0OPi2VgrEg5RJL6_Ko9USyHSWij1V
منحل_الزعرورة_058.png,منحل الزعرورة,58,https://drive.google.com/drive/folders/1bdYNVKOBbrOkCOCpYpDiIFJPonLRRabS
منحل_الزعرورة_055.png,منحل الزعرورة,55,https://drive.google.com/drive/folders/1d7xHz2CO0BZAA6DNLAKqcyliDIBrAeE8
منحل_الزعرورة_007.png,منحل الزعرورة,7,https://drive.google.com/drive/folders/1EnMIhcpqNmy8qltuY8P2_RuogamBLZ4g
منحل_الزعرورة_052.png,منحل الزعرورة,52,https://drive.google.com/drive/folders/1fT1iMYQTI5HIlwh1f2g9OmZK7oB9xgbH
منحل_الزعرورة_047.png,منحل الزعرورة,47,https://drive.google.com/drive/folders/1vJWVhba4-mqc8dXIDIoKVQD5vU5yKcmR
منحل_الزعرورة_051.png,منحل الزعرورة,51,https://drive.google.com/drive/folders/1laay3QjjAzYRXCXSyeVAxYioQP3zy4jP
منحل_الزعرورة_006.png,منحل الزعرورة,6,https://drive.google.com/drive/folders/1amiKS1BrvMTFxErDoC_IKgIN6R2xQrd9
منحل_الزعرورة_059.png,منحل الزعرورة,59,https://drive.google.com/drive/folders/1nFPdENqU5mZkAWfAF1_ADgvQIWjDOX8e
منحل_الزعرورة_005.png,منحل الزعرورة,5,https://drive.google.com/drive/folders/1g809pZYiumgOG9LMufBq0r733wPMeu0u
منحل_الزعرورة_048.png,منحل الزعرورة,48,https://drive.google.com/drive/folders/1lkYKy3_-QJ6cK9JKyH15KlAewF9eJgyq
منحل_الزعرورة_056.png,منحل الزعرورة,56,https://drive.google.com/drive/folders/1RK7B4aMU0a0hnMiDixv56wt5aSZUV7Ev
منحل_الزعرورة_053.png,منحل الزعرورة,53,https://drive.google.com/drive/folders/1nGwY-MOWOrZjcrp3rVmiS2jJ1RGslC_Y
منحل_الزعرورة_044.png,منحل الزعرورة,44,https://drive.google.com/drive/folders/1ICc9x7oqK9wsLOJjLQcvq5XhBeSF7uzy
منحل_الزعرورة_043.png,منحل الزعرورة,43,https://drive.google.com/drive/folders/1QUXu1HAsO-5KaGd3oiPZL7xfXP3rQ7q-
منحل_الزعرورة_004.png,منحل الزعرورة,4,https://drive.google.com/drive/folders/1jT7c_eT-lxRFdQWqkNnmm1VYq2nzuwjw
منحل_الزعرورة_045.png,منحل الزعرورة,45,https://drive.google.com/drive/folders/1C1IuEIlhanluXpAklPhUp3p2rZZOvkKW
منحل_الزعرورة_041.png,منحل الزعرورة,41,https://drive.google.com/drive/folders/1m-_BASiTPoQ59nh7kAZd1nBlNgW_pgpN
منحل_الزعرورة_039.png,منحل الزعرورة,39,https://drive.google.com/drive/folders/1xyjnodGHEJb07Ka2JnnB3Em7bJ8KzBA0
منحل_الزعرورة_042.png,منحل الزعرورة,42,https://drive.google.com/drive/folders/1uUO98e248sKj-UvggPwTQI6l7ijdRows
منحل_الزعرورة_038.png,منحل الزعرورة,38,https://drive.google.com/drive/folders/15z5B4dOyIxxrI5G3A-AZXF5x2buJGVaD
منحل_الزعرورة_037.png,منحل الزعرورة,37,https://drive.google.com/drive/folders/1Q8qlav2Y1hD1aOsfUPNgVZFlGNCe7ySL
منحل_الزعرورة_040.png,منحل الزعرورة,40,https://drive.google.com/drive/folders/1lgNqR1cfAFTIH70KGuS6myGn-P4wCLG3
منحل_الزعرورة_033.png,منحل الزعرورة,33,https://drive.google.com/drive/folders/1QgWvwFDnCU9DiSWF9TRPO-1qDdLkVQCO
منحل_الزعرورة_032.png,منحل الزعرورة,32,https://drive.google.com/drive/folders/1t_fGCJfOs8f3YIchWnjVQIiD-JJk0hCm
منحل_الزعرورة_031.png,منحل الزعرورة,31,https://drive.google.com/drive/folders/1ZNhk5pc1ifVTy_20JheEwvAibgQVMRu8
منحل_الزعرورة_035.png,منحل الزعرورة,35,https://drive.google.com/drive/folders/1bueLEhiYmljVL3khqbXb1MRAANIV_xUP
منحل_الزعرورة_030.png,منحل الزعرورة,30,https://drive.google.com/drive/folders/1XQfkjslE3gnSVJzoSZ09P2l2o2nSJxGW
منحل_الزعرورة_034.png,منحل الزعرورة,34,https://drive.google.com/drive/folders/1XrdLAQ8zMxRAQSXRi1po55BAs252GZ0p
منحل_الزعرورة_029.png,منحل الزعرورة,29,https://drive.google.com/drive/folders/1XzJ-RleRgvabFXDhMh-EYWV2FEud3o8x
منحل_الزعرورة_036.png,منحل الزعرورة,36,https://drive.google.com/drive/folders/14c_mSh1IOzG5ar5dOT99LNVho6EujZ0o
منحل_الزعرورة_028.png,منحل الزعرورة,28,https://drive.google.com/drive/folders/1Y_GvhUHLMK5fs3k5OJAWNc1D2z1ufQML
منحل_الزعرورة_026.png,منحل الزعرورة,26,https://drive.google.com/drive/folders/17lx1kxDbgvVtNphXLZuIUpTtoVwdbjOn
منحل_الزعرورة_025.png,منحل الزعرورة,25,https://drive.google.com/drive/folders/1bew-4RyL1VNbUQPy6QglTkq6tKBJUEVH
منحل_الزعرورة_003.png,منحل الزعرورة,3,https://drive.google.com/drive/folders/1gjy-M8xC_Gz1G6GGybafpELHylSpox0U
منحل_الزعرورة_027.png,منحل الزعرورة,27,https://drive.google.com/drive/folders/1oIdmZFLatAjQXuof3JUbnVNMTiLhGDPs
منحل_الزعرورة_024.png,منحل الزعرورة,24,https://drive.google.com/drive/folders/1_q99hCUXazrNO1Uz-d6W1AEsBeFEqM_Q
منحل_الزعرورة_023.png,منحل الزعرورة,23,https://drive.google.com/drive/folders/13dMp0sFkIc3XMnFf06x7-HW2oZ_1OEdV
منحل_الزعرورة_002.png,منحل الزعرورة,2,https://drive.google.com/drive/folders/1lsrQTy_hhO7kzofUGcMvs47s8CFDaFzu
منحل_الزعرورة_022.png,منحل الزعرورة,22,https://drive.google.com/drive/folders/1p7H48rK593UH51_nqsSa01mq3V5-q33W
منحل_الزعرورة_021.png,منحل الزعرورة,21,https://drive.google.com/drive/folders/1xAgeuzkjjHLH58GF0xD3GdHbH--CHrx1
منحل_الزعرورة_019.png,منحل الزعرورة,19,https://drive.google.com/drive/folders/1Rw2xkZ5RL_m7tKrxQdiym9wtfmQZOG1V
منحل_الزعرورة_020.png,منحل الزعرورة,20,https://drive.google.com/drive/folders/1w-lv_A6cZLl8WeBZ1c3_o2KISoQpKQSr
منحل_الزعرورة_017.png,منحل الزعرورة,17,https://drive.google.com/drive/folders/1Au3BGM0jyphGOKJgciRQVlY0s0Z353DJ
منحل_الزعرورة_016.png,منحل الزعرورة,16,https://drive.google.com/drive/folders/1R5O7AzbIG-Pf9jYm8fs3YFypOz6E2DGC
منحل_الزعرورة_013.png,منحل الزعرورة,13,https://drive.google.com/drive/folders/16NxqAzDgXTwhH-D7xc6AkoWbiO2CQBPL
منحل_الزعرورة_018.png,منحل الزعرورة,18,https://drive.google.com/drive/folders/1gi__NOdV9HKn6qquVQTxMWgF-qYPuEMs
منحل_الزعرورة_015.png,منحل الزعرورة,15,https://drive.google.com/drive/folders/1IJnBJVbMJF8RyvmCELaKvwbAHr4tCwwS
منحل_الزعرورة_014.png,منحل الزعرورة,14,https://drive.google.com/drive/folders/16HsxQOi_QhQkLqvCJzuNHMKLk-Jz9W57
منحل_الزعرورة_012.png,منحل الزعرورة,12,https://drive.google.com/drive/folders/1ZS6zWcsLqFZdgEbYz7CFxKVsIe6bnpRn
منحل_الزعرورة_001.png,منحل الزعرورة,1,https://drive.google.com/drive/folders/1ncSP7LAjtoGdvtbOIJ0PTwLjfRhXhHrX
منحل_الزعرورة_010.png,منحل الزعرورة,10,https://drive.google.com/drive/folders/1RYNeSquKYAQzaqMxBGoCkoCQGwRgTIpg
منحل_الزعرورة_011.png,منحل الزعرورة,11,https://drive.google.com/drive/folders/1_UX8AA-izUB1v4E4bImBx87kRy5qPSSH
منحل_الدار_009.png,منحل الدار,9,https://drive.google.com/drive/folders/1LbTxfrJYYVdLo_VGsNBg9tfwFulj5BUF
منحل_الدار_008.png,منحل الدار,8,https://drive.google.com/drive/folders/1nNqoVA_6ngYWjVUVnvKrEWyp0Kdu4nhs
منحل_الدار_070.png,منحل الدار,70,https://drive.google.com/drive/folders/18qrDuQTqE7fJkrwhsHmtq9I19jM-Zb-a
منحل_الدار_007.png,منحل الدار,7,https://drive.google.com/drive/folders/1yEh2Ft6IdrV2oYmUlIwEXWn9Y42Yjj4L
منحل_الدار_068.png,منحل الدار,68,https://drive.google.com/drive/folders/1MkfV9aZO-yvXfF-ocJUaefccIGruCfPQ
منحل_الدار_064.png,منحل الدار,64,https://drive.google.com/drive/folders/1VO2b82Qfa7UQsgseynTeqkzZgbt3mIXW
منحل_الدار_065.png,منحل الدار,65,https://drive.google.com/drive/folders/1TriK_-WAcUEu2FvF5EIbZEi8fhL-T6_m
منحل_الدار_066.png,منحل الدار,66,https://drive.google.com/drive/folders/1S0fSLe7ig985_NPhF1-x7eGZrTMmOIrE
منحل_الدار_060.png,منحل الدار,60,https://drive.google.com/drive/folders/1ndY9mjFfjxNR-VIBF5uOm5dc7Jnid61U
منحل_الدار_067.png,منحل الدار,67,https://drive.google.com/drive/folders/1J0VHTNa3YoSz0PoU82bhhyS76dvOP5WO
منحل_الدار_069.png,منحل الدار,69,https://drive.google.com/drive/folders/1OEIiVOoi8S0Qx4zVvz7TBMomFCF_NC2M
منحل_الدار_062.png,منحل الدار,62,https://drive.google.com/drive/folders/1yQei4P_XO0YT_YaBTDISyx4qoRAqA0y8
منحل_الدار_061.png,منحل الدار,61,https://drive.google.com/drive/folders/1w6nTDsF_h7g2s7YNhnpF03o1KMpNzNNe
منحل_الدار_063.png,منحل الدار,63,https://drive.google.com/drive/folders/1VvNoFVttjGpZdyLnQ6K4dRhrfk-0a1MX
منحل_الدار_054.png,منحل الدار,54,https://drive.google.com/drive/folders/1BAPy0EMj0TRYH_KZRr_hWpw9Z2RTqoGk
منحل_الدار_052.png,منحل الدار,52,https://drive.google.com/drive/folders/1yG-oPtDNYdUxiCa9xvYEW0gCGdH_SjIt
منحل_الدار_056.png,منحل الدار,56,https://drive.google.com/drive/folders/13FdxoYCQOoU-ybyEfdxJognvixjFgRjy
منحل_الدار_059.png,منحل الدار,59,https://drive.google.com/drive/folders/1PLckQD77eshIeRFd-UNvHFC1sH3Wb39f
منحل_الدار_055.png,منحل الدار,55,https://drive.google.com/drive/folders/1Qo92x5dVEiUA8sJ24PfgrWzBzqBjgABh
منحل_الدار_058.png,منحل الدار,58,https://drive.google.com/drive/folders/1y7GFtNgy_3o4N4TfLIWCY6cd-nkEtmj1
منحل_الدار_053.png,منحل الدار,53,https://drive.google.com/drive/folders/1og-R8tC56iaN73InYXzciV_k7TnMkXy8
منحل_الدار_050.png,منحل الدار,50,https://drive.google.com/drive/folders/15erkZAtNYt5rBFgBBEC6yzoahrLReN8I
منحل_الدار_005.png,منحل الدار,5,https://drive.google.com/drive/folders/17DK5EQ5RafBsimc7NDwfScTL35Tg1G1y
منحل_الدار_006.png,منحل الدار,6,https://drive.google.com/drive/folders/1p3VrtOdD4jAYI-6Hoe23lGHPO4tDyqPY
منحل_الدار_057.png,منحل الدار,57,https://drive.google.com/drive/folders/111fqymus7kO2lbNGQbTx9bGdwEcchGtp
منحل_الدار_051.png,منحل الدار,51,https://drive.google.com/drive/folders/1sYfQ3urK9Ckk42RXXI7OLJY6tdw88biw
منحل_الدار_049.png,منحل الدار,49,https://drive.google.com/drive/folders/12nAa5BGqz8wps1HikCyWLyIGsmIvODzE
منحل_الدار_047.png,منحل الدار,47,https://drive.google.com/drive/folders/1H3z6BiiruPRSjXWrZUl6yBHJbrESF7Y6
منحل_الدار_048.png,منحل الدار,48,https://drive.google.com/drive/folders/1WUuHKsta9-liTIfpG-GHAZH0zncdiXql
منحل_الدار_046.png,منحل الدار,46,https://drive.google.com/drive/folders/1oFl1aKapRXMOnAMTI9K9pK9BAmqGYI-T
منحل_الدار_020.png,منحل الدار,20,https://drive.google.com/drive/folders/15F6NWNGRyxfWtiU4aWtjkBXTpgRmg-Ud
منحل_الدار_045.png,منحل الدار,45,https://drive.google.com/drive/folders/1yJsfxzrbm7JVqYvTAYdYuWyK4G03S7bQ
منحل_الدار_042.png,منحل الدار,42,https://drive.google.com/drive/folders/1RpaA38U0QOX8iGy8ams3ZxoorHJOEnzN
منحل_الدار_004.png,منحل الدار,4,https://drive.google.com/drive/folders/1XUViF3XpLIS9FV5dX7OUfQZKpc3A59qU
منحل_الدار_037.png,منحل الدار,37,https://drive.google.com/drive/folders/1qcOwM2L58AVkjq0vzhWTRipG044U72s_
منحل_الدار_041.png,منحل الدار,41,https://drive.google.com/drive/folders/1j2HWX1nAV_MON4xN4KzILu97DECQea9l
منحل_الدار_043.png,منحل الدار,43,https://drive.google.com/drive/folders/1NCTHDdRlrq43jbnmPF83ixNBHy7HYCll
منحل_الدار_044.png,منحل الدار,44,https://drive.google.com/drive/folders/1Df6xQxTmyaxHL7geulPYTIXQeKTaI8BN
منحل_الدار_040.png,منحل الدار,40,https://drive.google.com/drive/folders/16XqakEUr8LOGg1yJgYUs6GVw4OcjV64d
منحل_الدار_039.png,منحل الدار,39,https://drive.google.com/drive/folders/1UZfavSid3PdeHRxdvmImXH88WXBI6NKQ
منحل_الدار_038.png,منحل الدار,38,https://drive.google.com/drive/folders/1KkG6bfOQ0ZME-sA-vkQcxxZdrfum3Y08
منحل_الدار_033.png,منحل الدار,33,https://drive.google.com/drive/folders/1gUAiskb23XqRVV9FWu82onufy95fOoKV
منحل_الدار_003.png,منحل الدار,3,https://drive.google.com/drive/folders/15zbWyibeQ2Vqfsd8pzITEtOm8xqurzo4
منحل_الدار_019.png,منحل الدار,19,https://drive.google.com/drive/folders/1S3mvZw9aI4hPlbFCYyXalc3ncppV9bOr
منحل_الدار_036.png,منحل الدار,36,https://drive.google.com/drive/folders/1nHN80Ww9mpAOjZioiJYzVVoCu36JZ_v2
منحل_الدار_027.png,منحل الدار,27,https://drive.google.com/drive/folders/1IM46Y_e01OQOnpGlEqFc53_MimK9LGXp
منحل_الدار_035.png,منحل الدار,35,https://drive.google.com/drive/folders/1ty8cVbmIk2t-txCLIa7LHQbR8eoufP2g
منحل_الدار_028.png,منحل الدار,28,https://drive.google.com/drive/folders/1VuLZIIFoE6TmTkDw4KQ0VNW78UtJv4PX
منحل_الدار_034.png,منحل الدار,34,https://drive.google.com/drive/folders/1vcJoHS_XyQoByOkHq0-_KCMJX9U-Ajue
منحل_الدار_031.png,منحل الدار,31,https://drive.google.com/drive/folders/1Ne6K1Ny2uUf63KfBl1UsyQ3lq9LLeqT5
منحل_الدار_025.png,منحل الدار,25,https://drive.google.com/drive/folders/1hs4kOt6-TZOj_A3BXqRiRkUScPCT1XYS
منحل_الدار_030.png,منحل الدار,30,https://drive.google.com/drive/folders/1WTjG3Wj-FNFiF4iOgRtIrjdsrRgbwXjK
منحل_الدار_032.png,منحل الدار,32,https://drive.google.com/drive/folders/1E4SWTI2Sya2G2x9DFZDElWCMZn1CpweZ
منحل_الدار_029.png,منحل الدار,29,https://drive.google.com/drive/folders/13u5_qIDj8Ja3218rMTB29Uxj44_SYiX_
منحل_الدار_022.png,منحل الدار,22,https://drive.google.com/drive/folders/1zI4-sZFKTpFBqaMAcvRZPnES-sndPRxV
منحل_الدار_026.png,منحل الدار,26,https://drive.google.com/drive/folders/1wr6aSN1dSRCQazU2VEYLNOqzJZjifcrF
منحل_الدار_024.png,منحل الدار,24,https://drive.google.com/drive/folders/1IKNXuRS6q81x9TRKolqu58wf-VpAY81_
منحل_الدار_021.png,منحل الدار,21,https://drive.google.com/drive/folders/1RtGBe2gNu10NzeKsUvDwVrdeJLT4Rk4c
منحل_الدار_002.png,منحل الدار,2,https://drive.google.com/drive/folders/1a223PwxqTJikKaQ8wMSOL33ntIWssD-E
منحل_الدار_023.png,منحل الدار,23,https://drive.google.com/drive/folders/1mfiJyCj56TlYQ6oVtxMN36TnhUgfX8uW
منحل_الدار_018.png,منحل الدار,18,https://drive.google.com/drive/folders/1pPhHRInN1JDeyb8M2lE9Xo9W9RaGZ2nD
منحل_الدار_017.png,منحل الدار,17,https://drive.google.com/drive/folders/1Dk_mnsY-Bp-6cD2bd63iEN9q567puqrH
منحل_الدار_016.png,منحل الدار,16,https://drive.google.com/drive/folders/11xVrJEzHErtwbyv4SjtpQzqnNVqPTol7
منحل_الدار_015.png,منحل الدار,15,https://drive.google.com/drive/folders/1ULWUEK14yyg6SGMrhCJCC1v-z0q9B7Bi
منحل_الدار_014.png,منحل الدار,14,https://drive.google.com/drive/folders/1zR2hfzLZzpIfCd7TSPWiJuaVZDof1ATv
منحل_الدار_013.png,منحل الدار,13,https://drive.google.com/drive/folders/1TPdbx9k8g8nkfyvNGxpzFWpfCH_QWrxl
منحل_الدار_012.png,منحل الدار,12,https://drive.google.com/drive/folders/1JUIzOwOW_SnvQ_iF6NNK4pNR-wV52Yp0
منحل_الدار_010.png,منحل الدار,10,https://drive.google.com/drive/folders/1zytBtw6iMMSoSeGG6_-LLj4FN-vcEco2
منحل_الدار_011.png,منحل الدار,11,https://drive.google.com/drive/folders/15RfVyuExSMU5uHu_qr4EnaFdjqMfnmLf
منحل_الدار_001.png,منحل الدار,1,https://drive.google.com/drive/folders/1-uA3_YP4W-quBvgPErGV90sZg5sLKzcO
منحل_المصفات_009.png,منحل المصفات,9,https://drive.google.com/drive/folders/1_8v9n0IJTzGsetsgtCNtYhoOj5Rt_2AD
منحل_المصفات_008.png,منحل المصفات,8,https://drive.google.com/drive/folders/1RCaG6orvHwQMTLcQsNwe1BM3F55yzJ-T
منحل_المصفات_007.png,منحل المصفات,7,https://drive.google.com/drive/folders/1zLB34ppdNNbsh8zcOf0xEeW7DZFJ7gTO
منحل_المصفات_030.png,منحل المصفات,30,https://drive.google.com/drive/folders/1WAS_premqjztQ5BoizotyNtko7V0Ffyl
منحل_المصفات_006.png,منحل المصفات,6,https://drive.google.com/drive/folders/1QI93vWrFZ0FqolQrvGCf0xpJ0m17q7j5
منحل_المصفات_005.png,منحل المصفات,5,https://drive.google.com/drive/folders/1_3-TcBCB2Zjqoyj_jk4qdTOWRZ5k4WO7
منحل_المصفات_003.png,منحل المصفات,3,https://drive.google.com/drive/folders/10dutoQu2xyrkVwVK7n59vZVe8L4AjEQy
منحل_المصفات_027.png,منحل المصفات,27,https://drive.google.com/drive/folders/1dIhCNrAhsxKXpApiTALkdPnDilePud6v
منحل_المصفات_004.png,منحل المصفات,4,https://drive.google.com/drive/folders/1IfZ-xM9Msqu7My9Ge5nmeyFGx8gk-3Xi
منحل_المصفات_029.png,منحل المصفات,29,https://drive.google.com/drive/folders/1Y6EJc1obHu77I6v57dU8r6-Inr1BCpVN
منحل_المصفات_028.png,منحل المصفات,28,https://drive.google.com/drive/folders/1CF1GH1nX-mO4lnLwXnSIt-bw4uAkuuDY
منحل_المصفات_022.png,منحل المصفات,22,https://drive.google.com/drive/folders/1dw1q5nDSBJWzLT9bC6iTv4TGEs91Zl5o
منحل_المصفات_025.png,منحل المصفات,25,https://drive.google.com/drive/folders/1jC2zJL1FjOp6HcFSBKryNd-jLOFGrf6o
منحل_المصفات_026.png,منحل المصفات,26,https://drive.google.com/drive/folders/14z_S_eHFOsKnE30lPnQEry4mi73Aoqxs
منحل_المصفات_021.png,منحل المصفات,21,https://drive.google.com/drive/folders/1YLOKKUBESvfvleSIn0uJbY_1Tx05786U
منحل_المصفات_023.png,منحل المصفات,23,https://drive.google.com/drive/folders/1SuqbjCxHWfDQh56Y1zGn_9J9kkCsxwCF
منحل_المصفات_018.png,منحل المصفات,18,https://drive.google.com/drive/folders/17WWjzEhh5GTu41lXAHiW_ulYb2FldJ5n
منحل_المصفات_024.png,منحل المصفات,24,https://drive.google.com/drive/folders/1xwiHYj45kCIKWBRKLIh2cw1xPAokG7Zt
منحل_المصفات_017.png,منحل المصفات,17,https://drive.google.com/drive/folders/19SfAAet38BI0YpeLyemxFB3bdgYYbXKH
منحل_المصفات_016.png,منحل المصفات,16,https://drive.google.com/drive/folders/1Z_m1ElGZL0B5TX2Z-W3ORW0RUFCw4-n-
منحل_المصفات_020.png,منحل المصفات,20,https://drive.google.com/drive/folders/1mQr5UHnXQ9gQiqY9s3DTKvUh2tgjDsjM
منحل_المصفات_010.png,منحل المصفات,10,https://drive.google.com/drive/folders/1naiAYXKns-oQIoF_K5CbiKKGiW4SHR9N
منحل_المصفات_002.png,منحل المصفات,2,https://drive.google.com/drive/folders/1ZIY9PcpQJ0OgfPO0XTKx8wZa4nkGCNBG
منحل_المصفات_019.png,منحل المصفات,19,https://drive.google.com/drive/folders/1OJcb0edecoPMQOMDJeDUj0r7ixQ8uGw4
منحل_المصفات_013.png,منحل المصفات,13,https://drive.google.com/drive/folders/1K5VUBG4tlZm2c2ajC1rEUavUeZViWNYX
منحل_المصفات_014.png,منحل المصفات,14,https://drive.google.com/drive/folders/1fkqvvAmUDtwWqZFxFK3X7_DcGcZSNiG5
منحل_المصفات_001.png,منحل المصفات,1,https://drive.google.com/drive/folders/14BakHx26Lp-C14tCz9qbU4M1iB8Sgsja
منحل_المصفات_015.png,منحل المصفات,15,https://drive.google.com/drive/folders/1nHccdAdrMzhJkrBs7RKYoSdQZjFncwvf
منحل_المصفات_011.png,منحل المصفات,11,https://drive.google.com/drive/folders/1yxnp33KDvWyJUh5gSxChdt_rX-xqnUqG
منحل_المصفات_012.png,منحل المصفات,12,https://drive.google.com/drive/folders/1B9L7aPwlBM316RHPidwOCraFZCi4eGfK
منحل_بطن_الغول_007.png,منحل بطن الغول,7,https://drive.google.com/drive/folders/1wBg7Gdxy-OyyeEzjBlnYTfGYGmjKB-nd
منحل_بطن_الغول_044.png,منحل بطن الغول,44,https://drive.google.com/drive/folders/1kuCt60aGrn0yS5QMtXmX9gZog4wtIbiG
منحل_بطن_الغول_049.png,منحل بطن الغول,49,https://drive.google.com/drive/folders/1O6W_41hPjEkC8VdqwOzyOi_o1QAMgRrF
منحل_بطن_الغول_050.png,منحل بطن الغول,50,https://drive.google.com/drive/folders/1beFkHKqZ2twju-TXhRVeKgJkPIR9i78U
منحل_بطن_الغول_006.png,منحل بطن الغول,6,https://drive.google.com/drive/folders/171oBk-of3WdMxNoyyjKrCNat4t0AdexC
منحل_بطن_الغول_009.png,منحل بطن الغول,9,https://drive.google.com/drive/folders/1UPNRIZ_HLxrsZTrg4jGo9hGLTQ2FSvbp
منحل_بطن_الغول_005.png,منحل بطن الغول,5,https://drive.google.com/drive/folders/1jFnJ4BUuda3WeG3SZxgMyTWNsyIhnJQF
منحل_بطن_الغول_040.png,منحل بطن الغول,40,https://drive.google.com/drive/folders/1pyS-PI5M0Wx5WAa8NrE-2cX4pmWap5_N
منحل_بطن_الغول_046.png,منحل بطن الغول,46,https://drive.google.com/drive/folders/1iKd-5NsLlldYXz1JDUgURrWzhVfhTt7-
منحل_بطن_الغول_048.png,منحل بطن الغول,48,https://drive.google.com/drive/folders/1xn7KNb8vdn-3roZNiQtJH0feAw1OjnjF
منحل_بطن_الغول_043.png,منحل بطن الغول,43,https://drive.google.com/drive/folders/11MJJjm-pyT_-IscfB7vkOjs4obaWo_0g
منحل_بطن_الغول_047.png,منحل بطن الغول,47,https://drive.google.com/drive/folders/1vgFoew_DdO1aSl4gwH8A6sXpmYowLKWT
منحل_بطن_الغول_008.png,منحل بطن الغول,8,https://drive.google.com/drive/folders/1ItupBNBpwgjHiiPPmKOtEGTv3Qx2FTji
منحل_بطن_الغول_042.png,منحل بطن الغول,42,https://drive.google.com/drive/folders/11Et2bC8GTi6QcQnuAK1Y8D23lBANCNHC
منحل_بطن_الغول_041.png,منحل بطن الغول,41,https://drive.google.com/drive/folders/1N1vU6kCj2Rsu9ypcvZalkoL4N8HINUpJ
منحل_بطن_الغول_045.png,منحل بطن الغول,45,https://drive.google.com/drive/folders/1waZXrMNQKDLZUlrvUaJgLZPSFLdx6Bdw
منحل_بطن_الغول_037.png,منحل بطن الغول,37,https://drive.google.com/drive/folders/1iuevFRNz81sn8NRpshcvXMXSqI-AmLFP
منحل_بطن_الغول_038.png,منحل بطن الغول,38,https://drive.google.com/drive/folders/1KMtafWPuWFGZF_s3DhN6q0OqTtfT8It2
منحل_بطن_الغول_004.png,منحل بطن الغول,4,https://drive.google.com/drive/folders/1prcgYBjUcXAHvq14Y0Rp2GlD-h4NNfQe
منحل_بطن_الغول_039.png,منحل بطن الغول,39,https://drive.google.com/drive/folders/1oPIwDnD9Vt65kwuZ4uhF6uVYgVglIQYY
منحل_بطن_الغول_036.png,منحل بطن الغول,36,https://drive.google.com/drive/folders/1d6YPMOmiEpd4WlUj46lEtMupzWsxmNnJ
منحل_بطن_الغول_035.png,منحل بطن الغول,35,https://drive.google.com/drive/folders/1oYmHY48ZZufEH4lKMLh4zlC7Brho5xKX
منحل_بطن_الغول_032.png,منحل بطن الغول,32,https://drive.google.com/drive/folders/1LlLD_WcHta2RRbtWRd0FwSOOh8M4xOjl
منحل_بطن_الغول_034.png,منحل بطن الغول,34,https://drive.google.com/drive/folders/1pMXUHvlq7nltZFzJdj6SX607MnZhWLpf
منحل_بطن_الغول_031.png,منحل بطن الغول,31,https://drive.google.com/drive/folders/1f4jl15eGJkonopk3vILmL70H9ZKI6Z7e
منحل_بطن_الغول_033.png,منحل بطن الغول,33,https://drive.google.com/drive/folders/1A6AVWF2KcnrHNQywTl56VzYzFqUaurlf
منحل_بطن_الغول_028.png,منحل بطن الغول,28,https://drive.google.com/drive/folders/1sFsD0DZxEmP7yRAIjDq-k7k3Lk3s_7tW
منحل_بطن_الغول_030.png,منحل بطن الغول,30,https://drive.google.com/drive/folders/1eTaOricI5SVHJSdSgnFv2PU7Ot1hHEfw
منحل_بطن_الغول_003.png,منحل بطن الغول,3,https://drive.google.com/drive/folders/1OaJ1DQLQehr6mUtDc7AEJqNE39FLxNNR
منحل_بطن_الغول_029.png,منحل بطن الغول,29,https://drive.google.com/drive/folders/1TurCsljRbXHBrAEt_UGOKeOIr7On0hZD
منحل_بطن_الغول_021.png,منحل بطن الغول,21,https://drive.google.com/drive/folders/1ZCaTxsxiqnP-WG4IRqwnxr0oQp4gNsa6
منحل_بطن_الغول_026.png,منحل بطن الغول,26,https://drive.google.com/drive/folders/1e-gUb6mo_R2VyWFW-9dLfmpyTWNixoE6
منحل_بطن_الغول_025.png,منحل بطن الغول,25,https://drive.google.com/drive/folders/1JUeobN1JSGOcrqWIpv9nxSRTi1fvDcyI
منحل_بطن_الغول_023.png,منحل بطن الغول,23,https://drive.google.com/drive/folders/1IpQriZ-GEpYI2qByoRsQI4yuzIexVceF
منحل_بطن_الغول_027.png,منحل بطن الغول,27,https://drive.google.com/drive/folders/1FVW64oOg-h00bW9Qt0iHvGv51RodbyRg
منحل_بطن_الغول_022.png,منحل بطن الغول,22,https://drive.google.com/drive/folders/1S3Jtgit0gC5tzM5XBUXnyTCgnpkI94hD
منحل_بطن_الغول_002.png,منحل بطن الغول,2,https://drive.google.com/drive/folders/1e6nZzOYqqODwRrFOOi5qFtMEsvRTq3WQ
منحل_بطن_الغول_019.png,منحل بطن الغول,19,https://drive.google.com/drive/folders/1OGNb-AocYo4VL8x5TH59AFbCoSMvNWLG
منحل_بطن_الغول_020.png,منحل بطن الغول,20,https://drive.google.com/drive/folders/1U_7VSnBfmJAzHAgagzAjLYSMSwheuCTO
منحل_بطن_الغول_024.png,منحل بطن الغول,24,https://drive.google.com/drive/folders/1su8TTO18U1ogeOlK5JD7VkbnA62BOwnV
منحل_بطن_الغول_018.png,منحل بطن الغول,18,https://drive.google.com/drive/folders/1RKxt6UeNdK3LkuTaYhYtwCfX2fqx_98M
منحل_بطن_الغول_015.png,منحل بطن الغول,15,https://drive.google.com/drive/folders/1ikPh8J5Hj7B4dRadqdYxn-5Buz5E64ft
منحل_بطن_الغول_014.png,منحل بطن الغول,14,https://drive.google.com/drive/folders/1lcBg0eKeOFDLiipCBoMgFClTUA1leJ68
منحل_بطن_الغول_011.png,منحل بطن الغول,11,https://drive.google.com/drive/folders/1rFqiKgNFl_XMxq2UHK13B3K9jJuu2fE_
منحل_بطن_الغول_013.png,منحل بطن الغول,13,https://drive.google.com/drive/folders/1EUpYlSY_kIWwt-3i87jGYmx3oTA94I1T
منحل_بطن_الغول_016.png,منحل بطن الغول,16,https://drive.google.com/drive/folders/1dHDyyL1nViUjxSRw382fefyGk556Dl8C
منحل_بطن_الغول_017.png,منحل بطن الغول,17,https://drive.google.com/drive/folders/1fKoirU9ET00r0IsTl70BQk2nAVu0p8S3
منحل_بطن_الغول_001.png,منحل بطن الغول,1,https://drive.google.com/drive/folders/1RR9-Zw9sqKWcnZp6JbkeoBI814FiLS6F
منحل_بطن_الغول_012.png,منحل بطن الغول,12,https://drive.google.com/drive/folders/19KCiA_vues493O6AgO7_YplbWyXwBM1M
منحل_بطن_الغول_010.png,منحل بطن الغول,10,https://drive.google.com/drive/folders/1LUQgpCkxlxdgSNTmEcwhMF8eINB4dM6f
